{"LC Accuracy": 0.575, "LC MAE": 0.446875, "LC F1 score": 0.5273607748184019, "LC AUC-ROC": 0.8388200017989447, "_wandb": {"runtime": 2}}