{"accuracy": 0.575, "MAE": 0.446875, "f1_score": 0.5273607748184019, "mean_roc_auc": 0.8388200017989447}