{"accuracy": 0.665625, "MAE": 0.35, "f1_score": 0.6483484730412049, "mean_roc_auc": 0.778201876181606}