{"RF Accuracy": 0.665625, "RF MAE": 0.35, "RF F1 score": 0.6483484730412049, "RF AUC-ROC": 0.778201876181606, "_wandb": {"runtime": 0}}